{
  "confusion_matrix": {
    "class_errors": [
      0.07999999821186066,
      0.03999999910593033,
      0.0,
      0.05999999865889549
    ],
    "labels": [
      0,
      1,
      2,
      3
    ],
    "matrix": [
      [
        46,
        4,
        0,
        0
      ],
      [
        2,
        48,
        0,
        0
      ],
      [
        0,
        0,
        50,
        0
      ],
      [
        0,
        0,
        3,
        47
      ]
    ]
  },
  "error_rate": 0.04500001668930054,
  "meta": {
    "dataset": "crab",
    "lambda": 0.0,
    "n_vars": 3,
    "platform": "macos-clang",
    "seed": 42,
    "training_spec": "uglda",
    "trees": 10
  },
  "model": {
    "trees": [
      {
        "root": {
          "lower": {
            "lower": {
              "value": 0
            },
            "pp_index_value": 0.7334344387054443,
            "projector": [
              0.9140886664390564,
              0.010554860346019268,
              -0.40537700057029724,
              0.0,
              0.0
            ],
            "threshold": 1.1570017337799072,
            "upper": {
              "value": 2
            }
          },
          "pp_index_value": 0.7180262207984924,
          "projector": [
            0.0,
            0.9256585240364075,
            -0.37469473481178284,
            0.05253748595714569,
            0.0
          ],
          "threshold": 1.715299367904663,
          "upper": {
            "lower": {
              "value": 1
            },
            "pp_index_value": 0.7367667555809021,
            "projector": [
              0.0,
              0.2949257493019104,
              0.0,
              -0.4397321343421936,
              0.8483244776725769
            ],
            "threshold": -0.10859896242618561,
            "upper": {
              "value": 3
            }
          }
        }
      },
      {
        "root": {
          "lower": {
            "lower": {
              "value": 2
            },
            "pp_index_value": 0.8958597779273987,
            "projector": [
              0.0,
              0.9525638222694397,
              -0.18597187101840973,
              0.0,
              -0.24090804159641266
            ],
            "threshold": 2.8715851306915283,
            "upper": {
              "value": 3
            }
          },
          "pp_index_value": 0.8674548268318176,
          "projector": [
            -0.6465053558349609,
            0.0,
            0.0,
            0.49322813749313354,
            -0.5820282697677612
          ],
          "threshold": -0.3494139015674591,
          "upper": {
            "lower": {
              "value": 0
            },
            "pp_index_value": 0.11589359492063522,
            "projector": [
              0.609495997428894,
              0.0,
              -0.5486909747123718,
              0.0,
              0.5722349286079407
            ],
            "threshold": -0.6887973546981812,
            "upper": {
              "value": 1
            }
          }
        }
      },
      {
        "root": {
          "lower": {
            "lower": {
              "value": 0
            },
            "pp_index_value": 0.8686917424201965,
            "projector": [
              0.5828522443771362,
              0.0,
              0.477909117937088,
              -0.6571804285049438,
              0.0
            ],
            "threshold": 0.5972347259521484,
            "upper": {
              "value": 2
            }
          },
          "pp_index_value": 0.704949676990509,
          "projector": [
            -0.151163250207901,
            0.8744990229606628,
            0.0,
            0.0,
            -0.46087002754211426
          ],
          "threshold": 2.266000986099243,
          "upper": {
            "lower": {
              "value": 1
            },
            "pp_index_value": 0.7870317101478577,
            "projector": [
              0.7861908078193665,
              0.36895522475242615,
              -0.4957579970359802,
              0.0,
              0.0
            ],
            "threshold": 1.546312689781189,
            "upper": {
              "value": 3
            }
          }
        }
      },
      {
        "root": {
          "lower": {
            "lower": {
              "value": 0
            },
            "pp_index_value": 0.7162817120552063,
            "projector": [
              0.0,
              0.9355025291442871,
              -0.3525473177433014,
              0.023354263976216316,
              0.0
            ],
            "threshold": 1.3932366371154785,
            "upper": {
              "value": 1
            }
          },
          "pp_index_value": 0.8079321980476379,
          "projector": [
            0.4738486111164093,
            0.0,
            -0.5283035635948181,
            0.0,
            0.7045302391052246
          ],
          "threshold": 0.28735846281051636,
          "upper": {
            "lower": {
              "value": 3
            },
            "pp_index_value": 0.776070773601532,
            "projector": [
              0.03723079338669777,
              -0.813578724861145,
              0.0,
              0.0,
              0.580261766910553
            ],
            "threshold": -1.3796741962432861,
            "upper": {
              "value": 2
            }
          }
        }
      },
      {
        "root": {
          "lower": {
            "lower": {
              "value": 1
            },
            "pp_index_value": 0.8210463523864746,
            "projector": [
              0.8164213299751282,
              0.0,
              0.22938214242458344,
              -0.5299434661865234,
              0.0
            ],
            "threshold": 0.8714891672134399,
            "upper": {
              "value": 3
            }
          },
          "pp_index_value": 0.7328578233718872,
          "projector": [
            0.0,
            -0.9512861371040344,
            0.21799154579639435,
            0.0,
            0.21802382171154022
          ],
          "threshold": -2.0341267585754395,
          "upper": {
            "lower": {
              "value": 0
            },
            "pp_index_value": 0.8931323289871216,
            "projector": [
              0.0,
              0.0,
              0.5228879451751709,
              -0.6773601770401001,
              0.5174663662910461
            ],
            "threshold": -0.4502948522567749,
            "upper": {
              "value": 2
            }
          }
        }
      },
      {
        "root": {
          "lower": {
            "lower": {
              "value": 2
            },
            "pp_index_value": 0.31661248207092285,
            "projector": [
              0.22171470522880554,
              0.0,
              0.0,
              0.28908571600914,
              -0.9312744736671448
            ],
            "threshold": 0.4359276294708252,
            "upper": {
              "value": 3
            }
          },
          "pp_index_value": 0.7631164789199829,
          "projector": [
            0.0,
            0.0,
            -0.19807176291942596,
            0.5057634115219116,
            -0.8396255970001221
          ],
          "threshold": 0.2806724011898041,
          "upper": {
            "lower": {
              "value": 0
            },
            "pp_index_value": 0.7118873000144958,
            "projector": [
              0.0,
              0.8894616961479187,
              -0.4081202447414398,
              0.0,
              0.20565927028656006
            ],
            "threshold": 0.9713021516799927,
            "upper": {
              "value": 1
            }
          }
        }
      },
      {
        "root": {
          "lower": {
            "lower": {
              "value": 1
            },
            "pp_index_value": 0.11092860251665115,