{
  "config": {
    "dataset": "crab",
    "lambda": 0.0,
    "platform": "macos-clang",
    "seed": 42,
    "trees": 0
  },
  "error_rate": 0.05500000715255737,
  "meta": {
    "feature_names": [
      "FL",
      "RW",
      "CL",
      "CW",
      "BD"
    ],
    "features": 5,
    "groups": [
      "BlueMale",
      "BlueFemale",
      "OrangeMale",
      "OrangeFemale"
    ],
    "observations": 200
  },
  "model": {
    "degenerate": false,
    "root": {
      "degenerate": false,
      "groups": [
        "BlueMale",
        "BlueFemale",
        "OrangeMale",
        "OrangeFemale"
      ],
      "lower": {
        "degenerate": false,
        "groups": [
          "BlueMale",
          "BlueFemale"
        ],
        "lower": {
          "degenerate": false,
          "value": "BlueMale"
        },
        "pp_index_value": 0.7117377519607544,
        "projector": [
          0.04855766519904137,
          0.09073304384946823,
          -0.0491875559091568,
          -0.006997755263000727,
          0.009622174315154552
        ],
        "threshold": 0.16444548964500427,
        "upper": {
          "degenerate": false,
          "value": "BlueFemale"
        }
      },
      "pp_index_value": 0.8732080459594727,
      "projector": [
        0.03969782218337059,
        0.0043190522119402885,
        0.009980743750929832,
        -0.03911910578608513,
        0.03310954570770264
      ],
      "threshold": 0.03410697728395462,
      "upper": {
        "degenerate": false,
        "groups": [
          "OrangeMale",
          "OrangeFemale"
        ],
        "lower": {
          "degenerate": false,
          "value": "OrangeMale"
        },
        "pp_index_value": 0.8201932907104492,
        "projector": [
          0.011357932351529598,
          0.07213583588600159,
          -0.04019693285226822,
          0.012746374122798443,
          -0.005568522959947586
        ],
        "threshold": 0.1984570324420929,
        "upper": {
          "degenerate": false,
          "value": "OrangeFemale"
        }
      }
    }
  },
  "model_type": "tree",
  "predictions": [
    "BlueMale",
    "BlueMale",
    "BlueMale",
    "BlueMale",
    "BlueMale",
    "BlueMale",
    "BlueFemale",
    "BlueMale",
    "BlueMale",
    "BlueFemale",
    "BlueMale",
    "BlueFemale",
    "BlueMale",
    "BlueMale",
    "BlueMale",
    "BlueFemale",
    "BlueMale",
    "BlueMale",
    "BlueFemale",
    "BlueMale",
    "BlueMale",
    "BlueMale",
    "BlueMale",
    "BlueMale",
    "BlueMale",
    "BlueMale",
    "BlueMale",
    "BlueMale",
    "BlueMale",
    "BlueMale",
    "BlueMale",
    "BlueMale",
    "BlueMale",
    "BlueMale",
    "BlueMale",
    "BlueMale",
    "BlueMale",
    "BlueMale",
    "BlueMale",
    "BlueMale",
    "BlueMale",
    "BlueMale",
    "BlueMale",
    "BlueMale",
    "BlueMale",
    "BlueMale",
    "BlueMale",
    "BlueMale",
    "BlueMale",
    "BlueMale",
    "BlueMale",
    "BlueFemale",
    "BlueFemale",
    "BlueMale",
    "BlueMale",
    "BlueFemale",
    "BlueFemale",
    "BlueFemale",
    "BlueFemale",
    "BlueFemale",
    "BlueFemale",
    "BlueFemale",
    "BlueFemale",
    "BlueFemale",
    "BlueFemale",
    "BlueFemale",
    "BlueFemale",
    "BlueFemale",
    "BlueFemale",
    "BlueFemale",
    "BlueFemale",
    "BlueFemale",
    "BlueFemale",
    "BlueFemale",
    "BlueFemale",
    "BlueFemale",
    "BlueFemale",
    "BlueFemale",
    "BlueFemale",
    "BlueFemale",
    "BlueFemale",
    "BlueFemale",
    "BlueFemale",
    "BlueFemale",
    "BlueFemale",
    "BlueFemale",
    "BlueFemale",
    "BlueFemale",
    "BlueFemale",
    "BlueFemale",
    "BlueFemale",
    "BlueFemale",
    "BlueFemale",
    "BlueFemale",
    "BlueFemale",
    "BlueFemale",
    "BlueFemale",
    "BlueFemale",
    "BlueFemale",
    "BlueFemale",
    "OrangeMale",
    "OrangeMale",
    "OrangeMale",
    "OrangeMale",
    "OrangeMale",
    "OrangeMale",
    "OrangeMale",
    "OrangeMale",
    "OrangeMale",
    "OrangeMale",
    "OrangeMale",
    "OrangeMale",
    "OrangeMale",
    "OrangeMale",
    "OrangeMale",
    "OrangeMale",
    "OrangeMale",
    "OrangeMale",
    "OrangeMale",
    "OrangeMale",
    "OrangeMale",
    "OrangeMale",
    "OrangeMale",
    "OrangeMale",
    "OrangeMale",
    "OrangeMale",
    "OrangeMale",
    "OrangeMale",
    "OrangeMale",
    "OrangeMale",
    "OrangeMale",
    "OrangeMale",
    "OrangeMale",
    "OrangeMale",
    "OrangeMale",
    "OrangeMale",
    "OrangeMale",
    "OrangeMale",
    "OrangeMale",
    "OrangeMale",
    "OrangeMale",
    "OrangeMale",
    "OrangeMale",
    "OrangeMale",
    "OrangeMale",
    "OrangeMale",
    "OrangeMale",
    "OrangeMale",
    "OrangeMale",
    "OrangeMale",
    "OrangeFemale",
    "OrangeMale",
    "OrangeMale",
    "OrangeFemale",
    "OrangeFemale",
    "OrangeFemale",
    "OrangeFemale",
    "OrangeFemale",
    "OrangeFemale",
    "OrangeFemale",
    "OrangeMale",
    "OrangeFemale",
    "OrangeFemale",
    "OrangeFemale",
    "OrangeFemale",
    "OrangeFemale",
    "OrangeFemale",
    "OrangeFemale",
    "OrangeFemale",
    "OrangeFemale",
    "OrangeFemale",
    "OrangeFemale",
    "OrangeFemale",
    "OrangeFemale",
    "OrangeFemale",
    "OrangeFemale",
    "OrangeFemale",
    "OrangeFemale",
    "OrangeFemale",
    "OrangeFemale",
    "OrangeFemale",
    "OrangeFemale",
    "OrangeFemale",
    "OrangeFemale",
    "OrangeFemale",
    "OrangeFemale",
    "OrangeFemale",
    "OrangeFemale",
    "OrangeFemale",
    "OrangeFemale",
    "OrangeFemale",
    "OrangeFemale",
    "OrangeFemale",
    "OrangeFemale",
    "OrangeFemale",
    "OrangeFemale",
    "OrangeFemale",
    "OrangeFemale",
    "OrangeFemale",
    "OrangeFemale"
  ],
  "training_confusion_matrix": {
    "group_errors": [
      0.10000000149011612,
      0.05999999865889549,
      0.0,
      0.05999999865889549
    ],
    "labels": [
      "BlueMale",
      "BlueFemale",
      "OrangeMale",
      "OrangeFemale"
    ],
    "matrix": [
      [
        45,
        5,
        0,
        0
      ],
      [
        3,
        47,
        0,
        0
      ],
      [
        0,
        0,
        50,
        0
      ],
      [
        0,
        0,
        3,
        47
      ]
    ]
  },
  "variable_importance": {
    "projections": [
      0.13940143585205078,
      0.21233709156513214,
      0.33592650294303894,
      0.1546984165906906,
      0.05436050146818161
    ],
    "scale": [
      3.4953248500823975,
      2.5733399391174316,
      7.118982791900635,
      7.871955394744873,
      3.424772262573242
    ]
  },