{
  "confusion_matrix": {
    "class_errors": [
      0.10000000149011612,
      0.05999999865889549,
      0.0,
      0.05999999865889549
    ],
    "labels": [
      0,
      1,
      2,
      3
    ],
    "matrix": [
      [
        45,
        5,
        0,
        0
      ],
      [
        3,
        47,
        0,
        0
      ],
      [
        0,
        0,
        50,
        0
      ],
      [
        0,
        0,
        3,
        47
      ]
    ]
  },
  "error_rate": 0.05500000715255737,
  "meta": {
    "classes": [
      "BlueMale",
      "BlueFemale",
      "OrangeMale",
      "OrangeFemale"
    ],
    "dataset": "crab",
    "lambda": 0.0,
    "platform": "macos-clang",
    "seed": 42,
    "training_spec": "glda",
    "trees": 0
  },
  "model": {
    "root": {
      "classes": [
        0,
        1,
        2,
        3
      ],
      "lower": {
        "classes": [
          0,
          1
        ],
        "lower": {
          "value": 0
        },
        "pp_index_value": 0.7117379903793335,
        "projector": [
          0.4234316647052765,
          0.7911895513534546,
          -0.4289056360721588,
          -0.061031144112348557,
          0.08390430361032486
        ],
        "threshold": 1.433968424797058,
        "upper": {
          "value": 1
        }
      },
      "pp_index_value": 0.8732077479362488,
      "projector": [
        0.6039334535598755,
        0.06570511311292648,
        0.15183322131633759,
        -0.5951241850852966,
        0.5037074089050293
      ],
      "threshold": 0.5188782811164856,
      "upper": {
        "classes": [
          2,
          3
        ],
        "lower": {
          "value": 2
        },
        "pp_index_value": 0.820193886756897,
        "projector": [
          0.13440075516700745,
          0.8535733222961426,
          -0.47566258907318115,
          0.1508399099111557,
          -0.06589025259017944
        ],
        "threshold": 2.348318576812744,
        "upper": {
          "value": 3
        }
      }
    }
  },
  "predictions": [
    0,
    0,
    0,
    0,
    0,
    0,
    1,
    0,
    0,
    1,
    0,
    1,
    0,
    0,
    0,
    1,
    0,
    0,
    1,
    0,
    0,
    0,
    0,
    0,
    0,
    0,
    0,
    0,
    0,
    0,
    0,
    0,
    0,
    0,
    0,
    0,
    0,
    0,
    0,
    0,
    0,
    0,
    0,
    0,
    0,
    0,
    0,
    0,
    0,
    0,
    0,
    1,
    1,
    0,
    0,
    1,
    1,
    1,
    1,
    1,
    1,
    1,
    1,
    1,
    1,
    1,
    1,
    1,
    1,
    1,
    1,
    1,
    1,
    1,
    1,
    1,
    1,
    1,
    1,
    1,
    1,
    1,
    1,
    1,
    1,
    1,
    1,
    1,
    1,
    1,
    1,
    1,
    1,
    1,
    1,
    1,
    1,
    1,
    1,
    1,
    2,
    2,
    2,
    2,
    2,
    2,
    2,
    2,
    2,
    2,
    2,
    2,
    2,
    2,
    2,
    2,
    2,
    2,
    2,
    2,
    2,
    2,
    2,
    2,
    2,
    2,
    2,
    2,
    2,
    2,
    2,
    2,
    2,
    2,
    2,
    2,
    2,
    2,
    2,
    2,
    2,
    2,
    2,
    2,
    2,
    2,
    2,
    2,
    2,
    2,
    3,
    2,
    2,
    3,
    3,
    3,
    3,
    3,
    3,
    3,
    2,
    3,
    3,
    3,
    3,
    3,
    3,
    3,
    3,
    3,
    3,
    3,
    3,
    3,
    3,
    3,
    3,
    3,
    3,
    3,
    3,
    3,
    3,
    3,
    3,
    3,
    3,
    3,
    3,
    3,
    3,
    3,
    3,
    3,
    3,
    3,
    3,
    3,
    3,
    3
  ],
  "variable_importance": {
    "projections": [
      1.502638578414917,
      2.1585373878479004,
      3.49002742767334,
      2.005117416381836,
      0.6877769231796265
    ],
    "scale": [
      3.4953248500823975,
      2.5733399391174316,
      7.118982791900635,
      7.871955394744873,
      3.424772262573242
    ]
  }
}