{
  "confusion_matrix": {
    "class_errors": [
      0.033898305147886276,
      0.11267605423927307,
      0.0
    ],
    "labels": [
      0,
      1,
      2
    ],
    "matrix": [
      [
        57,
        2,
        0
      ],
      [
        4,
        63,
        4
      ],
      [
        0,
        0,
        48
      ]
    ]
  },
  "error_rate": 0.05617976188659668,
  "meta": {
    "dataset": "wine",
    "lambda": 0.0,
    "n_vars": 4,
    "platform": "macos-clang",
    "seed": 42,
    "training_spec": "uglda",
    "trees": 10
  },
  "model": {
    "trees": [
      {
        "root": {
          "lower": {
            "value": 2
          },
          "pp_index_value": 0.808258056640625,
          "projector": [
            0.0,
            0.0,
            -0.44529762864112854,
            0.0,
            0.0,
            0.0,
            0.23911085724830627,
            0.0,
            0.0,
            0.0,
            0.8335027098655701,
            0.22317980229854584,
            0.0
          ],
          "threshold": 0.5784870982170105,
          "upper": {
            "lower": {
              "value": 1
            },
            "pp_index_value": 0.5645637512207031,
            "projector": [
              0.0,
              0.0,
              0.2130184769630432,
              0.0,
              0.002802535193040967,
              0.0,
              0.0,
              -0.9489092826843262,
              0.0,
              0.23277954757213593,
              0.0,
              0.0,
              0.0
            ],
            "threshold": 1.4932973384857178,
            "upper": {
              "value": 0
            }
          }
        }
      },
      {
        "root": {
          "lower": {
            "value": 0
          },
          "pp_index_value": 0.6597293615341187,
          "projector": [
            0.0,
            0.6320613622665405,
            -0.7747215628623962,
            0.0,
            0.0,
            0.0,
            0.0,
            0.0,
            0.0,
            0.0,
            -9.312393078886316e-10,
            0.0,
            -0.017459621652960777
          ],
          "threshold": -15.343978881835938,
          "upper": {
            "lower": {
              "value": 2
            },
            "pp_index_value": 0.715104341506958,
            "projector": [
              0.0,
              0.0,
              0.0,
              -0.010922892950475216,
              0.0,
              0.0,
              0.0,
              0.0,
              0.0,
              -0.18540135025978088,
              0.9826018810272217,
              0.0,
              -0.0008420992526225746
            ],
            "threshold": -0.8181524276733398,
            "upper": {
              "value": 1
            }
          }
        }
      },
      {
        "root": {
          "lower": {
            "lower": {
              "value": 2
            },
            "pp_index_value": 0.5837172865867615,
            "projector": [
              0.0,
              -0.2911185324192047,
              0.0,
              0.0,
              0.0,
              0.0,
              0.8363814353942871,
              0.4531978666782379,
              -0.10162585973739624,
              0.0,
              0.0,
              0.0,
              0.0
            ],
            "threshold": 0.45686519145965576,
            "upper": {
              "value": 1
            }
          },
          "pp_index_value": 0.7819451689720154,
          "projector": [
            0.0,
            0.0,
            0.0,
            0.0,
            0.0,
            0.0,
            0.0,
            0.0,
            0.1352335512638092,
            0.0,
            0.0,
            0.9907954931259155,
            0.005997840780764818
          ],
          "threshold": 8.11606216430664,
          "upper": {
            "value": 0
          }
        }
      },
      {
        "root": {
          "lower": {
            "lower": {
              "value": 1
            },
            "pp_index_value": 0.4314526319503784,
            "projector": [
              0.0,
              0.28712722659111023,
              0.0,
              0.0,
              0.006552460603415966,
              0.0,
              0.0,
              0.9578694701194763,
              0.0,
              0.0,
              0.0,
              0.0,
              0.00099704519379884
            ],
            "threshold": 2.358961343765259,
            "upper": {
              "value": 2
            }
          },
          "pp_index_value": 0.7803089618682861,
          "projector": [
            0.0,
            0.0,
            0.0,
            0.0,
            0.0,
            0.0,
            0.0,
            0.0,
            0.21082131564617157,
            0.0,
            0.0,
            0.977500855922699,
            0.0068203601986169815
          ],
          "threshold": 8.706670761108398,
          "upper": {
            "value": 0
          }
        }
      },
      {
        "root": {
          "lower": {
            "lower": {
              "value": 1
            },
            "pp_index_value": 0.5635821223258972,
            "projector": [
              0.0,
              0.0,
              0.8534318208694458,
              -0.08463259041309357,
              0.0,
              0.0,
              0.0,
              0.0,
              0.10944978892803192,
              0.0,
              -0.502505898475647,
              0.0,
              0.0
            ],
            "threshold": 0.06585118919610977,
            "upper": {
              "value": 0
            }
          },
          "pp_index_value": 0.7601901888847351,
          "projector": [
            0.0,
            0.0,
            0.24826359748840332,
            0.0,
            0.0,
            -0.9135004281997681,
            0.0,
            0.0,
            -0.19891896843910217,
            0.25360071659088135,
            0.0,
            0.0,
            0.0
          ],
          "threshold": -0.07295602560043335,
          "upper": {
            "value": 2
          }
        }
      },
      {
        "root": {
          "lower": {
            "lower": {
              "value": 1
            },
            "pp_index_value": 0.8577425479888916,
            "projector": [
              0.0,
              0.0,
              0.0,
              0.044418007135391235,
              0.0,
              0.275422066450119,
              -0.9384552836418152,
              0.0,
              0.0,
              0.2036455124616623,
              0.0,
              0.0,
              0.0
            ],
            "threshold": 1.1110483407974243,
            "upper": {
              "value": 2
            }
          },
          "pp_index_value": 0.8117788434028625,
          "projector": [
            0.0,
            0.0,
            0.8286647796630859,
            0.0,
            0.004644853062927723,
            0.0,
            0.5597176551818848,
            0.0,
            0.0,
            0.0,
            0.0,
            0.0,
            0.0030590652022510767
          ],
          "threshold": 6.372522354125977,
          "upper": {
            "value": 0
          }
        }
      },
      {
        "root": {
          "lower": {
            "lower": {
              "value": 0
            },
            "pp_index_value": 0.4800088703632355,
            "projector": [
              0.0,
              0.0,
              0.0,
              0.07125799357891083,
              -0.01353357546031475,
              0.0,
              0.0,
              0.9971027374267578,
              -0.022915305569767952,
              0.0,
              0.0,
              0.0,
              0.0
            ],
            "threshold": 0.22665557265281677,
            "upper": {
              "value": 1
            }
          },
          "pp_index_value": 0.7734295725822449,