{
  "confusion_matrix": {
    "class_errors": [
      0.0,
      0.03999999910593033,
      0.05999999865889549
    ],
    "labels": [
      0,
      1,
      2
    ],
    "matrix": [
      [
        50,
        0,
        0
      ],
      [
        1,
        48,
        1
      ],
      [
        0,
        3,
        47
      ]
    ]
  },
  "error_rate": 0.03333336114883423,
  "meta": {
    "classes": [
      "setosa",
      "versicolor",
      "virginica"
    ],
    "dataset": "iris",
    "lambda": 0.0,
    "n_vars": 2,
    "platform": "macos-clang",
    "seed": 42,
    "training_spec": "uglda",
    "trees": 5
  },
  "model": {
    "trees": [
      {
        "root": {
          "classes": [
            0,
            1,
            2
          ],
          "lower": {
            "classes": [
              1,
              2
            ],
            "lower": {
              "value": 1
            },
            "pp_index_value": 0.7557956576347351,
            "projector": [
              0.0,
              0.0,
              0.05685647577047348,
              0.14805549383163452
            ],
            "threshold": 0.5323153734207153,
            "upper": {
              "value": 2
            }
          },
          "pp_index_value": 0.8856639862060547,
          "projector": [
            0.0,
            0.0,
            -0.05537921190261841,
            0.021107196807861328
          ],
          "threshold": -0.15578091144561768,
          "upper": {
            "value": 0
          }
        }
      },
      {
        "root": {
          "classes": [
            0,
            1,
            2
          ],
          "lower": {
            "value": 0
          },
          "pp_index_value": 0.8627979755401611,
          "projector": [
            -0.03799587860703468,
            0.0,
            0.060337793081998825,
            0.0
          ],
          "threshold": -0.022096414119005203,
          "upper": {
            "classes": [
              1,
              2
            ],
            "lower": {
              "value": 1
            },
            "pp_index_value": 0.7008477449417114,
            "projector": [
              -0.07533019036054611,
              0.0,
              0.15480950474739075,
              0.0
            ],
            "threshold": 0.2894171476364136,
            "upper": {
              "value": 2
            }
          }
        }
      },
      {
        "root": {
          "classes": [
            0,
            1,
            2
          ],
          "lower": {
            "value": 0
          },
          "pp_index_value": 0.8634635210037231,
          "projector": [
            0.0,
            0.0,
            0.05804574862122536,
            -0.02887403592467308
          ],
          "threshold": 0.15643122792243958,
          "upper": {
            "classes": [
              1,
              2
            ],
            "lower": {
              "value": 2
            },
            "pp_index_value": 0.7336528301239014,
            "projector": [
              0.010195096023380756,
              0.0,
              0.0,
              -0.23729193210601807
            ],
            "threshold": -0.3378453850746155,
            "upper": {
              "value": 1
            }
          }
        }
      },
      {
        "root": {
          "classes": [
            0,
            1,
            2
          ],
          "lower": {
            "value": 0
          },
          "pp_index_value": 0.8858149647712708,
          "projector": [
            -0.038632892072200775,
            0.0,
            0.06274624913930893,
            0.0
          ],
          "threshold": -0.017264481633901596,
          "upper": {
            "classes": [
              1,
              2
            ],
            "lower": {
              "value": 2
            },
            "pp_index_value": 0.6548869609832764,
            "projector": [
              0.0,
              0.06260472536087036,
              -0.1354466825723648,
              0.0
            ],
            "threshold": -0.48074081540107727,
            "upper": {
              "value": 1
            }
          }
        }
      },
      {
        "root": {
          "classes": [
            0,
            1,
            2
          ],
          "lower": {
            "value": 0
          },
          "pp_index_value": 0.8277938365936279,
          "projector": [
            0.0,
            0.0,
            0.035655777901411057,
            0.0214098934084177
          ],
          "threshold": 0.1355188488960266,
          "upper": {
            "classes": [
              1,
              2
            ],
            "lower": {
              "value": 1
            },
            "pp_index_value": 0.8013502955436707,
            "projector": [
              0.0,
              -0.08160638064146042,
              0.0,
              0.25366508960723877
            ],
            "threshold": 0.20637056231498718,
            "upper": {
              "value": 2
            }
          }
        }
      }
    ]
  },
  "oob_error": 0.045112788677215576,
  "predictions": [
    0,
    0,
    0,
    0,
    0,
    0,
    0,
    0,
    0,
    0,
    0,
    0,
    0,
    0,
    0,
    0,
    0,
    0,
    0,
    0,
    0,
    0,
    0,
    0,
    0,
    0,
    0,
    0,
    0,
    0,
    0,
    0,
    0,
    0,
    0,
    0,
    0,
    0,
    0,
    0,
    0,
    0,
    0,
    0,
    0,
    0,
    0,
    0,
    0,
    0,
    1,
    1,
    1,
    1,
    1,
    1,
    1,
    1,
    1,
    1,
    1,
    1,
    1,
    1,
    1,
    1,
    1,
    1,
    1,
    1,
    2,
    1,
    1,
    1,
    1,
    1,
    1,
    1,
    1,
    1,
    1,
    1,
    1,
    1,
    1,
    1,
    1,
    1,
    1,
    1,
    1,
    1,
    1,
    1,
    1,
    1,
    1,
    1,
    0,
    1,
    2,
    2,
    2,
    2,
    2,
    2,
    2,
    2,
    2,
    2,
    2,
    2,
    2,
    2,
    2,
    2,
    2,
    2,
    2,
    1,
    2,
    2,
    2,
    2,
    2,
    2,
    2,
    2,
    2,
    2,
    2,
    2,
    2,
    1,
    1,
    2,
    2,
    2,
    2,
    2,
    2,
    2,
    2,
    2,
    2,
    2,
    2,
    2,
    2,
    2
  ],
  "variable_importance": {
    "permuted": [
      0.02418513223528862,
      0.011253547854721546,
      0.5153717994689941,
      0.1612296998500824
    ],
    "projections": [
      0.011312304064631462,
      0.006285676266998053,
      0.09330587089061737,
      0.05233573913574219
    ],
    "scale": [
      0.8280661106109619,
      0.4358662962913513,
      1.7652982473373413,
      0.7622376680374146
    ],
    "weighted_projections": [
      0.010152414441108704,
      0.004304715897887945,
      0.0805911123752594,
      0.03913798928260803
    ]
  },