{
  "confusion_matrix": {
    "class_errors": [
      0.0,
      0.05999999865889549,
      0.07999999821186066
    ],
    "labels": [
      0,
      1,
      2
    ],
    "matrix": [
      [
        50,
        0,
        0
      ],
      [
        1,
        47,
        2
      ],
      [
        0,
        4,
        46
      ]
    ]
  },
  "error_rate": 0.04666668176651001,
  "meta": {
    "classes": [
      "setosa",
      "versicolor",
      "virginica"
    ],
    "dataset": "iris",
    "lambda": 0.5,
    "n_vars": 2,
    "platform": "macos-clang",
    "seed": 42,
    "training_spec": "uglda",
    "trees": 5
  },
  "model": {
    "trees": [
      {
        "root": {
          "classes": [
            0,
            1,
            2
          ],
          "lower": {
            "value": 0
          },
          "pp_index_value": 0.8935895562171936,
          "projector": [
            0.0,
            0.0,
            0.03582462668418884,
            0.026184888556599617
          ],
          "threshold": 0.13939811289310455,
          "upper": {
            "classes": [
              1,
              2
            ],
            "lower": {
              "value": 1
            },
            "pp_index_value": 0.7835292220115662,
            "projector": [
              0.0,
              0.0,
              0.062456291168928146,
              0.14329758286476135
            ],
            "threshold": 0.5518460869789124,
            "upper": {
              "value": 2
            }
          }
        }
      },
      {
        "root": {
          "classes": [
            0,
            1,
            2
          ],
          "lower": {
            "value": 0
          },
          "pp_index_value": 0.8336048126220703,
          "projector": [
            0.004944592248648405,
            0.0,
            0.04360665753483772,
            0.0
          ],
          "threshold": 0.1674404889345169,
          "upper": {
            "classes": [
              1,
              2
            ],
            "lower": {
              "value": 1
            },
            "pp_index_value": 0.6461641788482666,
            "projector": [
              0.008632573299109936,
              0.0,
              0.10827882587909698,
              0.0
            ],
            "threshold": 0.5891178250312805,
            "upper": {
              "value": 2
            }
          }
        }
      },
      {
        "root": {
          "classes": [
            0,
            1,
            2
          ],
          "lower": {
            "value": 0
          },
          "pp_index_value": 0.8749693632125854,
          "projector": [
            0.0,
            0.0,
            0.03322763741016388,
            0.031140822917222977
          ],
          "threshold": 0.13535761833190918,
          "upper": {
            "classes": [
              1,
              2
            ],
            "lower": {
              "value": 1
            },
            "pp_index_value": 0.7366886138916016,
            "projector": [
              0.015147212892770767,
              0.0,
              0.0,
              0.21417294442653656
            ],
            "threshold": 0.45808494091033936,
            "upper": {
              "value": 2
            }
          }
        }
      },
      {
        "root": {
          "classes": [
            0,
            1,
            2
          ],
          "lower": {
            "value": 0
          },
          "pp_index_value": 0.8553760051727295,
          "projector": [
            0.0036820457316935062,
            0.0,
            0.04516300559043884,
            0.0
          ],
          "threshold": 0.16336043179035187,
          "upper": {
            "classes": [
              1,
              2
            ],
            "lower": {
              "value": 1
            },
            "pp_index_value": 0.6373538374900818,
            "projector": [
              0.0,
              0.0025902949273586273,
              0.12316163629293442,
              0.0
            ],
            "threshold": 0.6084862947463989,
            "upper": {
              "value": 2
            }
          }
        }
      },
      {
        "root": {
          "classes": [
            0,
            1,
            2
          ],
          "lower": {
            "value": 0
          },
          "pp_index_value": 0.8582332730293274,
          "projector": [
            0.0,
            0.0,
            0.027120089158415794,
            0.04343928024172783
          ],
          "threshold": 0.1298377811908722,
          "upper": {
            "classes": [
              1,
              2
            ],
            "lower": {
              "value": 1
            },
            "pp_index_value": 0.7736409306526184,
            "projector": [
              0.0,
              -0.01333579607307911,
              0.0,
              0.23093128204345703
            ],
            "threshold": 0.36209017038345337,
            "upper": {
              "value": 2
            }
          }
        }
      }
    ]
  },
  "oob_error": 0.05263155698776245,
  "predictions": [
    0,
    0,
    0,
    0,
    0,
    0,
    0,
    0,
    0,
    0,
    0,
    0,
    0,
    0,
    0,
    0,
    0,
    0,
    0,
    0,
    0,
    0,
    0,
    0,
    0,
    0,
    0,
    0,
    0,
    0,
    0,
    0,
    0,
    0,
    0,
    0,
    0,
    0,
    0,
    0,
    0,
    0,
    0,
    0,
    0,
    0,
    0,
    0,
    0,
    0,
    1,
    1,
    1,
    1,
    1,
    1,
    1,
    1,
    1,
    1,
    1,
    1,
    1,
    1,
    1,
    1,
    1,
    1,
    1,
    1,
    2,
    1,
    1,
    1,
    1,
    1,
    1,
    2,
    1,
    1,
    1,
    1,
    1,
    1,
    1,
    1,
    1,
    1,
    1,
    1,
    1,
    1,
    1,
    1,
    1,
    1,
    1,
    1,
    0,
    1,
    2,
    2,
    2,
    2,
    2,
    2,
    1,
    2,
    2,
    2,
    2,
    2,
    2,
    2,
    2,
    2,
    2,
    2,
    2,
    1,
    2,
    2,
    2,
    2,
    2,
    2,
    2,
    2,
    2,
    2,
    2,
    2,
    2,
    1,
    1,
    2,
    2,
    2,
    2,
    2,
    2,
    2,
    2,
    2,
    2,
    2,
    2,
    2,
    2,
    2
  ],
  "variable_importance": {
    "permuted": [
      0.010169493965804577,
      -0.0037037015426903963,
      0.4889199137687683,
      0.18690019845962524
    ],
    "projections": [
      0.002445352030918002,
      0.0006941646570339799,
      0.07364673167467117,
      0.049970660358667374
    ],
    "scale": [
      0.8280661106109619,
      0.4358662962913513,
      1.7652982473373413,
      0.7622376680374146
    ],
    "weighted_projections": [
      0.001856720307841897,
      0.00048418535152450204,
      0.059612490236759186,
      0.03817767649888992
    ]
  },