{
  "confusion_matrix": {
    "class_errors": [
      0.0,
      0.05999999865889549,
      0.07999999821186066
    ],
    "labels": [
      0,
      1,
      2
    ],
    "matrix": [
      [
        50,
        0,
        0
      ],
      [
        1,
        47,
        2
      ],
      [
        0,
        4,
        46
      ]
    ]
  },
  "error_rate": 0.04666668176651001,
  "meta": {
    "dataset": "iris",
    "lambda": 0.5,
    "n_vars": 2,
    "platform": "macos-clang",
    "seed": 42,
    "training_spec": "uglda",
    "trees": 5
  },
  "model": {
    "trees": [
      {
        "root": {
          "lower": {
            "value": 0
          },
          "pp_index_value": 0.8935895562171936,
          "projector": [
            0.0,
            0.0,
            0.8073328733444214,
            0.5900961756706238
          ],
          "threshold": 3.141435146331787,
          "upper": {
            "lower": {
              "value": 1
            },
            "pp_index_value": 0.7835293412208557,
            "projector": [
              0.0,
              0.0,
              0.3995492160320282,
              0.916711688041687
            ],
            "threshold": 3.5303030014038086,
            "upper": {
              "value": 2
            }
          }
        }
      },
      {
        "root": {
          "lower": {
            "value": 0
          },
          "pp_index_value": 0.8336048722267151,
          "projector": [
            0.11266905814409256,
            0.0,
            0.9936326146125793,
            0.0
          ],
          "threshold": 3.8153438568115234,
          "upper": {
            "lower": {
              "value": 1
            },
            "pp_index_value": 0.6461642980575562,
            "projector": [
              0.07947337627410889,
              0.0,
              0.9968370199203491,
              0.0
            ],
            "threshold": 5.423540115356445,
            "upper": {
              "value": 2
            }
          }
        }
      },
      {
        "root": {
          "lower": {
            "value": 0
          },
          "pp_index_value": 0.8749692440032959,
          "projector": [
            0.0,
            0.0,
            0.729647159576416,
            0.683823823928833
          ],
          "threshold": 2.972325325012207,
          "upper": {
            "lower": {
              "value": 1
            },
            "pp_index_value": 0.7366886138916016,
            "projector": [
              0.07054803520441055,
              0.0,
              0.0,
              0.9975084066390991
            ],
            "threshold": 2.13352632522583,
            "upper": {
              "value": 2
            }
          }
        }
      },
      {
        "root": {
          "lower": {
            "value": 0
          },
          "pp_index_value": 0.8553758263587952,
          "projector": [
            0.08125846832990646,
            0.0,
            0.9966930747032166,
            0.0
          ],
          "threshold": 3.6051688194274902,
          "upper": {
            "lower": {
              "value": 1
            },
            "pp_index_value": 0.637353777885437,
            "projector": [
              0.0,
              0.021027177572250366,
              0.9997789263725281,
              0.0
            ],
            "threshold": 4.939458847045898,
            "upper": {
              "value": 2
            }
          }
        }
      },
      {
        "root": {
          "lower": {
            "value": 0
          },
          "pp_index_value": 0.8582332134246826,
          "projector": [
            0.0,
            0.0,
            0.5295850038528442,
            0.8482568264007568
          ],
          "threshold": 2.535395383834839,
          "upper": {
            "lower": {
              "value": 1
            },
            "pp_index_value": 0.7736409902572632,
            "projector": [
              0.0,
              -0.05765177309513092,
              0.0,
              0.9983367919921875
            ],
            "threshold": 1.5653488636016846,
            "upper": {
              "value": 2
            }
          }
        }
      }
    ]
  },
  "oob_error": 0.05263155698776245,
  "predictions": [
    0,
    0,
    0,
    0,
    0,
    0,
    0,
    0,
    0,
    0,
    0,
    0,
    0,
    0,
    0,
    0,
    0,
    0,
    0,
    0,
    0,
    0,
    0,
    0,
    0,
    0,
    0,
    0,
    0,
    0,
    0,
    0,
    0,
    0,
    0,
    0,
    0,
    0,
    0,
    0,
    0,
    0,
    0,
    0,
    0,
    0,
    0,
    0,
    0,
    0,
    1,
    1,
    1,
    1,
    1,
    1,
    1,
    1,
    1,
    1,
    1,
    1,
    1,
    1,
    1,
    1,
    1,
    1,
    1,
    1,
    2,
    1,
    1,
    1,
    1,
    1,
    1,
    2,
    1,
    1,
    1,
    1,
    1,
    1,
    1,
    1,
    1,
    1,
    1,
    1,
    1,
    1,
    1,
    1,
    1,
    1,
    1,
    1,
    0,
    1,
    2,
    2,
    2,
    2,
    2,
    2,
    1,
    2,
    2,
    2,
    2,
    2,
    2,
    2,
    2,
    2,
    2,
    2,
    2,
    1,
    2,
    2,
    2,
    2,
    2,
    2,
    2,
    2,
    2,
    2,
    2,
    2,
    2,
    1,
    1,
    2,
    2,
    2,
    2,
    2,
    2,
    2,
    2,
    2,
    2,
    2,
    2,
    2,
    2,
    2
  ],
  "variable_importance": {
    "permuted": [
      -0.0038461447693407536,
      0.0,
      0.48227912187576294,
      0.156525120139122
    ],
    "projections": [
      0.023128420114517212,
      0.003429350210353732,
      0.9004360437393188,
      0.32984626293182373
    ],
    "scale": [
      0.8280661106109619,
      0.4358662962913513,
      1.7652982473373413,
      0.7622376680374146
    ],
    "weighted_projections": [
      0.020793845877051353,
      0.002350474940612912,
      0.8486345410346985,
      0.2908843159675598
    ]
  }
}