{
  "confusion_matrix": {
    "class_errors": [
      0.0,
      0.03999999910593033,
      0.05999999865889549
    ],
    "labels": [
      0,
      1,
      2
    ],
    "matrix": [
      [
        50,
        0,
        0
      ],
      [
        1,
        48,
        1
      ],
      [
        0,
        3,
        47
      ]
    ]
  },
  "error_rate": 0.03333336114883423,
  "meta": {
    "dataset": "iris",
    "lambda": 0.0,
    "n_vars": 2,
    "platform": "macos-clang",
    "seed": 42,
    "training_spec": "uglda",
    "trees": 5
  },
  "model": {
    "trees": [
      {
        "root": {
          "lower": {
            "lower": {
              "value": 1
            },
            "pp_index_value": 0.7557957172393799,
            "projector": [
              0.0,
              0.0,
              0.35849618911743164,
              0.9335311651229858
            ],
            "threshold": 3.356398344039917,
            "upper": {
              "value": 2
            }
          },
          "pp_index_value": 0.8856640458106995,
          "projector": [
            0.0,
            0.0,
            -0.9344300627708435,
            0.3561466932296753
          ],
          "threshold": -2.628539562225342,
          "upper": {
            "value": 0
          }
        }
      },
      {
        "root": {
          "lower": {
            "value": 0
          },
          "pp_index_value": 0.8627977967262268,
          "projector": [
            -0.5328675508499146,
            0.0,
            0.8461986780166626,
            0.0
          ],
          "threshold": -0.30988696217536926,
          "upper": {
            "lower": {
              "value": 1
            },
            "pp_index_value": 0.7008476853370667,
            "projector": [
              -0.4375476539134979,
              0.0,
              0.8991952538490295,
              0.0
            ],
            "threshold": 1.6810505390167236,
            "upper": {
              "value": 2
            }
          }
        }
      },
      {
        "root": {
          "lower": {
            "value": 0
          },
          "pp_index_value": 0.8634632229804993,
          "projector": [
            0.0,
            0.0,
            0.8953446745872498,
            -0.44537392258644104
          ],
          "threshold": 2.412924289703369,
          "upper": {
            "lower": {
              "value": 2
            },
            "pp_index_value": 0.7336527109146118,
            "projector": [
              0.042924851179122925,
              0.0,
              0.0,
              -0.9990783333778381
            ],
            "threshold": -1.4224413633346558,
            "upper": {
              "value": 1
            }
          }
        }
      },
      {
        "root": {
          "lower": {
            "value": 0
          },
          "pp_index_value": 0.8858148455619812,
          "projector": [
            -0.5242921113967896,
            0.0,
            0.8515384793281555,
            0.0
          ],
          "threshold": -0.234296053647995,
          "upper": {
            "lower": {
              "value": 2
            },
            "pp_index_value": 0.6548870205879211,
            "projector": [
              0.0,
              0.4195602536201477,
              -0.9077274203300476,
              0.0
            ],
            "threshold": -3.2217960357666016,
            "upper": {
              "value": 1
            }
          }
        }
      },
      {
        "root": {
          "lower": {
            "value": 0
          },
          "pp_index_value": 0.8277937173843384,
          "projector": [
            0.0,
            0.0,
            0.857318639755249,
            0.5147860646247864
          ],
          "threshold": 3.2584571838378906,
          "upper": {
            "lower": {
              "value": 1
            },
            "pp_index_value": 0.8013499975204468,
            "projector": [
              0.0,
              -0.30625125765800476,
              0.0,
              0.95195072889328
            ],
            "threshold": 0.77446448802948,
            "upper": {
              "value": 2
            }
          }
        }
      }
    ]
  },
  "oob_error": 0.045112788677215576,
  "predictions": [
    0,
    0,
    0,
    0,
    0,
    0,
    0,
    0,
    0,
    0,
    0,
    0,
    0,
    0,
    0,
    0,
    0,
    0,
    0,
    0,
    0,
    0,
    0,
    0,
    0,
    0,
    0,
    0,
    0,
    0,
    0,
    0,
    0,
    0,
    0,
    0,
    0,
    0,
    0,
    0,
    0,
    0,
    0,
    0,
    0,
    0,
    0,
    0,
    0,
    0,
    1,
    1,
    1,
    1,
    1,
    1,
    1,
    1,
    1,
    1,
    1,
    1,
    1,
    1,
    1,
    1,
    1,
    1,
    1,
    1,
    2,
    1,
    1,
    1,
    1,
    1,
    1,
    1,
    1,
    1,
    1,
    1,
    1,
    1,
    1,
    1,
    1,
    1,
    1,
    1,
    1,
    1,
    1,
    1,
    1,
    1,
    1,
    1,
    0,
    1,
    2,
    2,
    2,
    2,
    2,
    2,
    2,
    2,
    2,
    2,
    2,
    2,
    2,
    2,
    2,
    2,
    2,
    2,
    2,
    1,
    2,
    2,
    2,
    2,
    2,
    2,
    2,
    2,
    2,
    2,
    2,
    2,
    2,
    1,
    1,
    2,
    2,
    2,
    2,
    2,
    2,
    2,
    2,
    2,
    2,
    2,
    2,
    2,
    2,
    2
  ],
  "variable_importance": {
    "permuted": [
      0.024641454219818115,
      0.015242159366607666,
      0.5261108875274658,
      0.14898480474948883
    ],
    "projections": [
      0.09814617037773132,
      0.03163567930459976,
      0.8982965350151062,
      0.2867612838745117
    ],
    "scale": [
      0.8280661106109619,
      0.4358662962913513,
      1.7652982473373413,
      0.7622376680374146
    ],
    "weighted_projections": [
      0.10073906183242798,
      0.021221790462732315,
      0.8899700045585632,
      0.23734481632709503
    ]
  }
}