{
  "confusion_matrix": {
    "class_errors": [
      0.0,
      0.03999999910593033,
      0.019999999552965164
    ],
    "labels": [
      0,
      1,
      2
    ],
    "matrix": [
      [
        50,
        0,
        0
      ],
      [
        0,
        48,
        2
      ],
      [
        0,
        1,
        49
      ]
    ]
  },
  "error_rate": 0.019999980926513672,
  "meta": {
    "classes": [
      "setosa",
      "versicolor",
      "virginica"
    ],
    "dataset": "iris",
    "lambda": 0.0,
    "platform": "macos-clang",
    "seed": 42,
    "training_spec": "glda",
    "trees": 0
  },
  "model": {
    "root": {
      "classes": [
        0,
        1,
        2
      ],
      "lower": {
        "classes": [
          1,
          2
        ],
        "lower": {
          "value": 2
        },
        "pp_index_value": 0.7838900089263916,
        "projector": [
          0.044288717210292816,
          0.06947317719459534,
          -0.08680269867181778,
          -0.15424948930740356
        ],
        "threshold": -0.20751327276229858,
        "upper": {
          "value": 1
        }
      },
      "pp_index_value": 0.9079951643943787,
      "projector": [
        0.012002003379166126,
        0.0441422164440155,
        -0.04083551838994026,
        -0.010446807369589806
      ],
      "threshold": 0.06660760939121246,
      "upper": {
        "value": 0
      }
    }
  },
  "predictions": [
    0,
    0,
    0,
    0,
    0,
    0,
    0,
    0,
    0,
    0,
    0,
    0,
    0,
    0,
    0,
    0,
    0,
    0,
    0,
    0,
    0,
    0,
    0,
    0,
    0,
    0,
    0,
    0,
    0,
    0,
    0,
    0,
    0,
    0,
    0,
    0,
    0,
    0,
    0,
    0,
    0,
    0,
    0,
    0,
    0,
    0,
    0,
    0,
    0,
    0,
    1,
    1,
    1,
    1,
    1,
    1,
    1,
    1,
    1,
    1,
    1,
    1,
    1,
    1,
    1,
    1,
    1,
    1,
    1,
    1,
    2,
    1,
    1,
    1,
    1,
    1,
    1,
    1,
    1,
    1,
    1,
    1,
    1,
    2,
    1,
    1,
    1,
    1,
    1,
    1,
    1,
    1,
    1,
    1,
    1,
    1,
    1,
    1,
    1,
    1,
    2,
    2,
    2,
    2,
    2,
    2,
    2,
    2,
    2,
    2,
    2,
    2,
    2,
    2,
    2,
    2,
    2,
    2,
    2,
    2,
    2,
    2,
    2,
    2,
    2,
    2,
    2,
    2,
    2,
    2,
    2,
    2,
    2,
    1,
    2,
    2,
    2,
    2,
    2,
    2,
    2,
    2,
    2,
    2,
    2,
    2,
    2,
    2,
    2,
    2
  ],
  "variable_importance": {
    "projections": [
      0.021649809554219246,
      0.021553875878453255,
      0.1006452813744545,
      0.061441704630851746
    ],
    "scale": [
      0.8280661106109619,
      0.4358662962913513,
      1.7652982473373413,
      0.7622376680374146
    ]
  }
}