{
  "confusion_matrix": {
    "class_errors": [
      0.0,
      0.03999999910593033,
      0.019999999552965164
    ],
    "labels": [
      0,
      1,
      2
    ],
    "matrix": [
      [
        50,
        0,
        0
      ],
      [
        0,
        48,
        2
      ],
      [
        0,
        1,
        49
      ]
    ]
  },
  "error_rate": 0.019999980926513672,
  "meta": {
    "dataset": "iris",
    "lambda": 0.0,
    "platform": "macos-clang",
    "seed": 42,
    "training_spec": "glda",
    "trees": 0
  },
  "model": {
    "root": {
      "lower": {
        "lower": {
          "value": 2
        },
        "pp_index_value": 0.7838901877403259,
        "projector": [
          0.22685174643993378,
          0.3558489978313446,
          -0.4446130394935608,
          -0.7900816798210144
        ],
        "threshold": -1.0629043579101563,
        "upper": {
          "value": 1
        }
      },
      "pp_index_value": 0.9079949259757996,
      "projector": [
        0.19294917583465576,
        0.7096421718597412,
        -0.6564857363700867,
        -0.16794374585151672
      ],
      "threshold": 1.0708039999008179,
      "upper": {
        "value": 0
      }
    }
  },
  "predictions": [
    0,
    0,
    0,
    0,
    0,
    0,
    0,
    0,
    0,
    0,
    0,
    0,
    0,
    0,
    0,
    0,
    0,
    0,
    0,
    0,
    0,
    0,
    0,
    0,
    0,
    0,
    0,
    0,
    0,
    0,
    0,
    0,
    0,
    0,
    0,
    0,
    0,
    0,
    0,
    0,
    0,
    0,
    0,
    0,
    0,
    0,
    0,
    0,
    0,
    0,
    1,
    1,
    1,
    1,
    1,
    1,
    1,
    1,
    1,
    1,
    1,
    1,
    1,
    1,
    1,
    1,
    1,
    1,
    1,
    1,
    2,
    1,
    1,
    1,
    1,
    1,
    1,
    1,
    1,
    1,
    1,
    1,
    1,
    2,
    1,
    1,
    1,
    1,
    1,
    1,
    1,
    1,
    1,
    1,
    1,
    1,
    1,
    1,
    1,
    1,
    2,
    2,
    2,
    2,
    2,
    2,
    2,
    2,
    2,
    2,
    2,
    2,
    2,
    2,
    2,
    2,
    2,
    2,
    2,
    2,
    2,
    2,
    2,
    2,
    2,
    2,
    2,
    2,
    2,
    2,
    2,
    2,
    2,
    1,
    2,
    2,
    2,
    2,
    2,
    2,
    2,
    2,
    2,
    2,
    2,
    2,
    2,
    2,
    2,
    2
  ],
  "variable_importance": {
    "projections": [
      0.14718234539031982,
      0.18065431714057922,
      0.7787350416183472,
      0.3437860310077667
    ],
    "scale": [
      0.8280661106109619,
      0.4358662962913513,
      1.7652982473373413,
      0.7622376680374146
    ]
  }
}